{
  "median_totals": {
    "deviation-heading": 1.2095459978708354,
    "in-drivable-lane": 0.0,
    "deviation-center-line": 0.5320282460110762,
    "driving-distance": 7.502446231892799,
    "driving-distance-consecutive": 7.484605218319853,
    "survival_time": 14.966666666666624
  },
  "mean_totals": {
    "deviation-heading": 1.1155925253851948,
    "in-drivable-lane": 0.0,
    "deviation-center-line": 0.5039167247796477,
    "driving-distance": 7.580456904463764,
    "driving-distance-consecutive": 7.565487313574431,
    "survival_time": 14.966666666666622
  },
  "stdev_totals": {
    "deviation-heading": 0.2207098309959957,
    "in-drivable-lane": 0.0,
    "deviation-center-line": 0.0737884426500867,
    "driving-distance": 0.28025718730068433,
    "driving-distance-consecutive": 0.28304418465103925,
    "survival_time": 1.7763568394002505e-15
  },
  "episode_totals": {
    "deviation-heading": [
      1.3808303695724857,
      1.2095459978708354,
      0.7832935896376756,
      0.9384368426269581,
      1.2658558272180187
    ],
    "in-drivable-lane": [
      0.0,
      0.0,
      0.0,
      0.0,
      0.0
    ],
    "deviation-center-line": [
      0.5320965607804173,
      0.5837857327592382,
      0.36515970863650926,
      0.5065133757109972,
      0.5320282460110762
    ],
    "driving-distance": [
      7.279074677589103,
      7.241428136205971,
      7.4189502018112465,
      7.387169975188165,
      8.084919601707059,
      8.065828635655695,
      7.673900750192331,
      7.648404602502465,
      7.520287245465746,
      7.484605218319853
    ],
    "driving-distance-consecutive": [
      7.241428136205971,
      7.387169975188165,
      8.065828635655695,
      7.648404602502465,
      7.484605218319853
    ],
    "survival_time": [
      14.966666666666624,
      14.966666666666624,
      14.966666666666624,
      14.966666666666624,
      14.966666666666624
    ]
  }
}