{"info/learner/default_policy/entropy": 0.5956937670707703, "custom_metrics/deviation_centerline_max": 0.477915297673734, "info/learner/default_policy/kl": 0.014947456307709217, "custom_metrics/mean_robot_speed_max": 0.4197702510844578, "info/learner/default_policy/policy_loss": -0.1121077910065651, "custom_metrics/distance_travelled_mean": 0.42261287343159076, "custom_metrics/reward_collision_avoidance_min": 0.0, "custom_metrics/reward_collision_avoidance_mean": 0.0, "sampler_perf/mean_processing_ms": 2.1070231101792363, "custom_metrics/distance_travelled_any_mean": 0.5598230697378938, "custom_metrics/reward_orientation_max": 31.88154401016364, "custom_metrics/reward_velocity_max": 14.700000584125519, "custom_metrics/deviation_heading_max": 45.593468766788135, "custom_metrics/reward_orientation_mean": 14.358754211118026, "custom_metrics/mean_robot_speed_min": 0.06706741072832971, "sampler_perf/mean_env_wait_ms": 15.460038536810366, "custom_metrics/reward_collision_avoidance_max": 0.0, "custom_metrics/distance_travelled_any_min": 0.01564906250327671, "perf/ram_util_percent": 51.99743589743589, "Episode Trajectories": {"_type": "image-file", "path": "media/images/Episode Trajectories_1000640_9f51624d.png", "sha256": "9f51624ded19d34d834d029c798936d6ea8cd47214eaf6831ba27fc09d25be0d", "size": 39437, "format": "png", "width": 640, "height": 480}, "info/update_time_ms": 8.738, "sampler_perf/mean_inference_ms": 2.9114361552307884, "episode_reward_min": 1.4154953207360812, "custom_metrics/reward_orientation_min": -9.800171171147023, "perf/cpu_util_percent": 39.88717948717949, "perf/gpu_util_percent0": 0.3505128205128206, "info/learner/default_policy/cur_lr": 9.999999747378752e-05, "_step": 1000640, "info/num_steps_sampled": 1000640, "custom_metrics/proximity_penalty_mean": 0.0, "custom_metrics/deviation_centerline_mean": 0.08927277881948344, "custom_metrics/deviation_centerline_min": 0.005984474044693182, "episode_reward_max": 47.655272385808644, "custom_metrics/mean_robot_speed_mean": 0.3442152224941454, "Histograms/episode_lengths": {"_type": "histogram", "values": [1, 0, 0, 0, 0, 0, 0, 0, 0, 0, 0, 0, 0, 1, 0, 0, 1, 0, 0, 0, 0, 0, 0, 0, 0, 0, 0, 0, 0, 0, 0, 0, 0, 0, 1, 0, 0, 0, 0, 0, 0, 0, 0, 0, 0, 0, 0, 0, 0, 0, 0, 0, 0, 0, 0, 0, 0, 0, 0, 0, 0, 0, 0, 41], "bins": [7.0, 7.671875, 8.34375, 9.015625, 9.6875, 10.359375, 11.03125, 11.703125, 12.375, 13.046875, 13.71875, 14.390625, 15.0625, 15.734375, 16.40625, 17.078125, 17.75, 18.421875, 19.09375, 19.765625, 20.4375, 21.109375, 21.78125, 22.453125, 23.125, 23.796875, 24.46875, 25.140625, 25.8125, 26.484375, 27.15625, 27.828125, 28.5, 29.171875, 29.84375, 30.515625, 31.1875, 31.859375, 32.53125, 33.203125, 33.875, 34.546875, 35.21875, 35.890625, 36.5625, 37.234375, 37.90625, 38.578125, 39.25, 39.921875, 40.59375, 41.265625, 41.9375, 42.609375, 43.28125, 43.953125, 44.625, 45.296875, 45.96875, 46.640625, 47.3125, 47.984375, 48.65625, 49.328125, 50.0]}, "custom_metrics/deviation_heading_min": 0.7653992861851759, "info/learner/default_policy/vf_explained_var": 0.6486129760742188, "_runtime": 16087.503493309021, "custom_metrics/collision_risk_step_cnt_min": 0, "custom_metrics/collision_risk_step_cnt_mean": 0.0, "episode_len_mean": 47.63, "custom_metrics/reward_velocity_min": 1.8000000715255737, "custom_metrics/collision_risk_step_cnt_max": 0, "custom_metrics/proximity_penalty_max": 0, "info/learner/default_policy/cur_kl_coeff": 2.278125047683716, "info/num_steps_trained": 966656, "custom_metrics/deviation_heading_mean": 13.568348488209008, "info/learner/default_policy/entropy_coeff": 0.0, "Histograms/sampled_actions": {"_type": "histogram", "values": [386, 11, 14, 14, 15, 10, 13, 16, 19, 13, 11, 19, 26, 9, 26, 13, 17, 28, 22, 21, 18, 16, 20, 33, 22, 32, 30, 22, 30, 36, 39, 41, 21, 45, 33, 42, 49, 32, 37, 30, 36, 28, 30, 36, 44, 23, 17, 24, 23, 29, 32, 21, 20, 19, 18, 10, 20, 13, 20, 11, 9, 12, 8, 286], "bins": [-1.0, -0.96875, -0.9375, -0.90625, -0.875, -0.84375, -0.8125, -0.78125, -0.75, -0.71875, -0.6875, -0.65625, -0.625, -0.59375, -0.5625, -0.53125, -0.5, -0.46875, -0.4375, -0.40625, -0.375, -0.34375, -0.3125, -0.28125, -0.25, -0.21875, -0.1875, -0.15625, -0.125, -0.09375, -0.0625, -0.03125, 0.0, 0.03125, 0.0625, 0.09375, 0.125, 0.15625, 0.1875, 0.21875, 0.25, 0.28125, 0.3125, 0.34375, 0.375, 0.40625, 0.4375, 0.46875, 0.5, 0.53125, 0.5625, 0.59375, 0.625, 0.65625, 0.6875, 0.71875, 0.75, 0.78125, 0.8125, 0.84375, 0.875, 0.90625, 0.9375, 0.96875, 1.0]}, "custom_metrics/reward_velocity_mean": 13.989000555872916, "episode_reward_mean": 29.045885213429784, "info/grad_time_ms": 11765.799, "Histograms/episode_reward": {"_type": "histogram", "values": [2, 0, 1, 0, 0, 0, 0, 0, 1, 0, 0, 0, 0, 0, 0, 0, 0, 0, 0, 0, 0, 0, 0, 0, 0, 0, 0, 0, 2, 0, 0, 1, 1, 0, 0, 2, 0, 0, 6, 2, 0, 4, 1, 3, 1, 1, 1, 2, 3, 1, 1, 1, 0, 2, 0, 2, 0, 1, 1, 0, 0, 0, 1, 1], "bins": [1.4154953207360812, 2.0942155660561346, 2.7729358113761875, 3.4516560566962404, 4.130376302016294, 4.809096547336347, 5.4878167926564, 6.166537037976453, 6.845257283296506, 7.52397752861656, 8.202697773936613, 8.881418019256666, 9.560138264576718, 10.238858509896772, 10.917578755216825, 11.59629900053688, 12.275019245856932, 12.953739491176984, 13.632459736497038, 14.31117998181709, 14.989900227137145, 15.668620472457198, 16.34734071777725, 17.026060963097304, 17.704781208417355, 18.38350145373741, 19.062221699057464, 19.740941944377518, 20.41966218969757, 21.098382435017623, 21.777102680337677, 22.455822925657728, 23.134543170977782, 23.813263416297836, 24.491983661617887, 25.17070390693794, 25.849424152257996, 26.528144397578046, 27.2068646428981, 27.885584888218155, 28.56430513353821, 29.24302537885826, 29.921745624178314, 30.600465869498368, 31.27918611481842, 31.957906360138473, 32.63662660545853, 33.31534685077858, 33.99406709609863, 34.67278734141868, 35.351507586738734, 36.0302278320588, 36.70894807737885, 37.3876683226989, 38.06638856801895, 38.745108813339, 39.42382905865905, 40.10254930397912, 40.78126954929917, 41.45998979461922, 42.13871003993927, 42.81743028525932, 43.49615053057937, 44.174870775899436, 44.85359102121948]}, "info/learner/default_policy/vf_loss": 26.077220916748047, "info/learner/default_policy/total_loss": 12.960556030273438, "perf/vram_util_percent0": 0.675048828125, "custom_metrics/proximity_penalty_min": 0, "info/sample_time_ms": 16974.675, "custom_metrics/distance_travelled_max": 0.6996170851407629, "info/load_time_ms": 906.798, "_timestamp": 1763518210.3947449, "custom_metrics/distance_travelled_any_max": 0.6996170851407629, "custom_metrics/distance_travelled_min": 0.0}
